{
    "children": {
        "node": {
            "cvolton.betterinfo/FoundListsPopup": {
                "children": {
                    "node": {
                        "cvolton.betterinfo/main-layer": {
                            "children": {
                                "node": {
                                    "cvolton.betterinfo/button-menu": {
                                        "children": {
                                            "node": {
                                                "cvolton.betterinfo/info-background": {
                                                    "attributes": {
                                                        "color": {
                                                            "r": 16,
                                                            "g": 16,
                                                            "b": 16
                                                        }
                                                    }
                                                }
                                            }
                                        }
                                    }
                                }
                            }
                        }
                    }
                }
            }
        }
    }
}
