{
    "children":{
        "new":[
            {
                "type":"CCLabelBMFont",
                "id":"mini-text",
                "attributes": {
                    "font": "bigFont.fnt",
                    "text": "Diamond TP v4.0.7 by ChessDash543 (Ryan Vitor)",
                    "scale": 0.25,
                    "opacity": 128,
                    "position": {
                        "anchor": "bottom-right",
                        "x": -80,
                        "y": 7
                    },
                    "rotate":-15
                }
            }
        ]
    }
}