{
    "background": {
        "r": 255,
        "g": 255,
        "b": 255
    },
    "level-search-bg": {
        "r": 0,
        "g": 0,
        "b": 0,
        "a": 0
    },
    "level-search-bar-bg": {
        "r": 0,
        "g": 0,
        "b": 0,
        "a": 0
    },
    "quick-search-bg": {
        "r": 0,
        "g": 0,
        "b": 0,
        "a": 0
    },
    "difficulty-filters-bg": {
        "r": 0,
        "g": 0,
        "b": 0,
        "a": 0
    },
    "length-filters-bg": {
        "r": 0,
        "g": 0,
        "b": 0,
        "a": 0
    },

    "edit-name-bg": {
        "r": 0,
        "g": 0,
        "b": 0,
        "a": 0
    },
    "edit-description-bg": {
        "r": 0,
        "g": 0,
        "b": 0,
        "a": 0
    },
    "chest-opened-overlay": {
        "r": 0,
        "g": 0,
        "b": 0,
        "a": 0
    },
    "chest-opened-overlay-25": {
        "r": 0,
        "g": 0,
        "b": 0
    },
    "chest-opened-overlay-50": {
        "r": 0,
        "g": 0,
        "b": 0
    },
    "chest-opened-overlay-100": {
        "r": 0,
        "g": 0,
        "b": 0
    },
    "list-layer-bg": {
        "r": 0,
        "g": 0,
        "b": 0,
        "a": 0
    },
    "list-cell-odd": {
        "r": 0,
        "g": 0,
        "b": 0,
        "a": 0
    },
    "list-cell-even": {
        "r": 0,
        "g": 0,
        "b": 0,
        "a": 0
    },
    "input-hint-text": {
        "r": 255,
        "g": 255,
        "b": 255
    }
}